[
  {
    "fundo": "./src/mapa/bg+lua.png",
    "paralax": [
      { "tex": "./src/mapa/paralax fundo.png", "fator": 3.0, "posY": 20 },
      { "tex": "./src/mapa/paralax frente.png", "fator": 1.5, "posY": 20 }
    ],
    "atras": [
      { "tex": "./src/mapa/portão.png", "x": 0, "y": 680, "w": 115, "h": 400 }
    ],
    "frente": [
      { "tex": "./src/mapa/ponte.png", "x": 0, "y": 880, "w": 4000, "h": 200 }
    ],
    "posX": 0,
    "largura": 4100,
    "altura": 1080
  },
  {
    "fundo": "./src/mapa/bg+lua.png",
    "paralax": [
      { "tex": "./src/mapa/paralax fundo.png", "fator": 3.0, "posY": 20 },
      { "tex": "./src/mapa/paralax frente.png", "fator": 1.5, "posY": 20 }
    ],
    "atras": [
      { "tex": "./src/mapa/arvore.png", "x": 500, "y": 580, "w": 200, "h": 400 }
    ],
    "frente": [],
    "posX": 4100,
    "largura": 4000,
    "altura": 1080
  }
]

